rank,overall_score,name,location,academic_reputation,citations_per_faculty,faculty_student_ratio,employer_reputation,employment_outcomes,international_student_ratio,international_research_network,international_faculty_ratio,international_student_diversity,sustainability_score
1001-1200,null,Pontifícia Universidade Católica de São Paulo,Brazil,14.6,1.7,46.3,16.8,59.9,1.4,8.9,4.4,null,13.3
1001-1200,null,Universidade Federal de São Carlos,Brazil,14.5,26.1,15.7,8.2,3,2,53.2,2.7,null,57.2
1001-1200,null,Universidade Federal do Paraná,Brazil,18.4,9.1,24.9,6.3,16.1,18.6,48.4,3.4,null,55.1
1201-1400,null,Universidade do Estado do Rio de Janeiro,Brazil,13,4.1,20.8,4.4,20.3,1.3,48.9,4.1,null,32.6
1201-1400,null,Universidade Federal da Bahia,Brazil,14.1,5.3,10.4,3.9,17.9,1.9,50.8,5.9,null,41.1
1201-1400,null,Universidade Federal de Pernambuco,Brazil,16.1,6.4,14.7,4,7.6,1.3,61.2,4,null,54.5
1201-1400,null,Universidade Federal Fluminense,Brazil,11.8,5.5,19.1,2.7,17,1.4,60.5,7.3,null,63.3
133,null,Universidade de São Paulo,Brazil,97.4,34.4,26.9,71.3,96.8,3.7,96.5,6.4,null,89.7
1401+,null,Pontifícia Universidade Católica do Rio Grande do Sul,Brazil,7.4,19,16.2,4.5,18.2,2.5,25.1,2.4,null,24.6
1401+,null,Universidade Federal de Santa Maria,Brazil,5.9,8.9,23.7,2,8.1,2.5,53.2,2.1,null,52.6
1401+,null,Universidade Federal de Viçosa,Brazil,6,13,13.5,3.4,6.5,2.8,26.4,2.7,null,54.8
1401+,null,Universidade Federal do Ceará,Brazil,12.3,8.9,7.9,4.2,7.9,1.3,38.1,4.4,null,32.7
1401+,null,Universidade Presbiteriana Mackenzie,Brazil,7.8,3.6,20.6,7.8,65.6,1.1,14,2.9,null,17.2
277,null,Universidade Estadual de Campinas,Brazil,80.1,29.7,23.1,39.2,27.9,3.7,81.9,11.8,null,81.1
367,null,Universidade Federal do Rio de Janeiro,Brazil,70.7,12.5,15.7,25.9,83.6,2,82.4,5.1,null,76.4
513,null,UNESP,Brazil,51,20.6,21.4,26.4,4.2,7.8,77.5,6.5,null,56
600,null,Universidade Federal de Minas Gerais,Brazil,46.1,12,16.4,12,44.8,2.2,67,9.1,null,74.4
620,null,Pontifícia Universidade Católica do Rio de Janeiro,Brazil,43.3,12.2,18,16.9,81.6,2.6,40.2,13.4,null,46.5
741-750,null,Universidade Federal do Rio Grande do Sul,Brazil,37,14.1,17.7,7.9,26.9,2.3,81.2,3.2,null,63.3
801-850,null,Universidade Federal de São Paulo,Brazil,14.9,9,98.8,6.3,4.4,2.2,52.9,5,null,63.6
851-900,null,Universidade de Brasília,Brazil,32.6,7.4,8.4,8.9,30.1,2.1,59.7,11,null,67.4
901-950,null,Universidade Federal de Santa Catarina,Brazil,25.1,14.5,25,6.7,19,3.9,59.6,4.9,null,67
