Rank,Name,Country,Overall,Teaching,Research Environment,Research Quality,Industry,International Outlook
601–650,Universidade Federal do Rio de Janeiro,Brazil,43.4–44.4,45.3,42.3,39.5,86.2,36.8
651–700,Universidade Estadual Paulista,Brazil,42.4–43.3,48.6,40,37.7,69.7,41.2
701–800,Pontifícia Universidade Católica do Rio de Janeiro,Brazil,40.2–42.3,38.1,36.5,39.9,76,45.3
701–800,Universidade Federal do Rio Grande do Sul,Brazil,40.2–42.3,40.6,29.5,54,63.8,35.5
801–1000,Universidade Federal de Minas Gerais,Brazil,36.4–40.1,43.9,31.5,43.3,54.1,37.7
801–1000,Universidade Federal de Santa Catarina,Brazil,36.4–40.1,38,27.6,40.6,71.9,36.3
801–1000,Universidade Federal de São Paulo,Brazil,36.4–40.1,37.7,28.9,47.4,62.9,35.4
1201–1400,Universidade Federal de São Carlos,Brazil,30.5–33.2,37.2,24,33.4,57.2,32.4
1201–1400,Pontifícia Universidade Católica do Rio Grande do Sul,Brazil,30.5–33.2,33,20.5,44.2,39.1,35.8
1201–1400,Pontifícia Universidade Católica do Paraná,Brazil,30.5–33.2,30.5,16.2,41.8,56.3,32.8
1401–1600,Universidade Federal de Lavras,Brazil,27.3–30.4,28.4,29.2,29.5,42.5,30.3
1401–1600,Universidade Federal da Bahia,Brazil,27.3–30.4,28.6,18.3,34.5,26.1,33.8
1401–1600,Universidade Federal de Juiz de Fora,Brazil,27.3–30.4,26,15.4,41.8,27.6,31.1
1401–1600,Universidade Federal do Paraná,Brazil,27.3–30.4,35.6,20.2,29.1,52,39.7
1401–1600,Universidade de Brasília,Brazil,27.3–30.4,34.3,21,28.2,35.5,35.8
1601–1800,Universidade Federal do Espírito Santo,Brazil,24.2–27.1,24.4,16.6,28.5,57.6,30.3
1601–1800,Universidade Federal do Rio Grande do Norte,Brazil,24.2–27.1,26.5,15.8,27.3,40.8,32.6
1601–1800,Universidade Federal de Santa Maria,Brazil,24.2–27.1,27.8,15.9,31.6,42,28
1601–1800,Universidade Federal de Uberlândia,Brazil,24.2–27.1,23.1,14.6,35.3,32.1,25.7
1601–1800,Universidade Federal de Viçosa,Brazil,24.2–27.1,32.4,15.8,26.1,32.4,27.4
1601–1800,Universidade Federal Fluminense,Brazil,24.2–27.1,26.9,16,27.1,28.7,32.8
1601–1800,Universidade do Vale do Rio dos Sinos,Brazil,24.2–27.1,26.6,22.3,26.9,51.3,30.4
1601–1800,Universidade Federal de Ciências da Saúde de Porto Alegre,Brazil,24.2–27.1,26.9,16.5,27.1,30.6,31.9
1601–1800,Universidade Federal de Pernambuco,Brazil,24.2–27.1,34.4,17.8,25.4,51,28.1
1601–1800,Universidade Federal do ABC,Brazil,24.2–27.1,21.8,18.7,32.6,27.6,44.5
1601–1800,Universidade Federal do Ceará,Brazil,24.2–27.1,26.3,18.6,28.7,33.6,30.3
1801–2000,Universidade Federal de Mato Grosso do Sul,Brazil,20.4–24.1,24.1,16.1,23.7,36.6,32.8
1801–2000,Universidade Federal do Pará,Brazil,20.4–24.1,23.8,14.6,24,28.9,27
1801–2000,Universidade Federal da Paraíba,Brazil,20.4–24.1,24.9,13.6,26.2,21.6,26.9
1801–2000,Universidade Federal de Pelotas,Brazil,20.4–24.1,22.1,16.3,30.6,26.2,27.9
1801–2000,Universidade Estadual de Londrina,Brazil,20.4–24.1,31.7,14,19.7,26.3,26.4
1801–2000,Universidade do Estado do Rio de Janeiro,Brazil,20.4–24.1,32.7,13.7,24.3,22.4,29.8
1801–2000,Universidade Estadual de Maringá,Brazil,20.4–24.1,28.5,15,17.5,28.3,24.1
1801–2000,Universidade Estadual de Ponta Grossa,Brazil,20.4–24.1,26.5,21.3,15.8,22.1,28.9
1801–2000,Universidade Estadual do Norte Fluminense Darcy Ribeiro,Brazil,20.4–24.1,27.4,14.1,20.9,23.8,35.8
1801–2000,Universidade de Passo Fundo,Brazil,20.4–24.1,19.4,15.8,29.3,21.1,28
2001+,Universidade Católica de Brasília,Brazil,12.2–20.3,11,13.3,15.2,22.5,37.1
2001+,Universidade Estadual do Ceará,Brazil,12.2–20.3,34.9,13.6,11.1,19.8,22.1
2001+,Centro Federal de Educação Tecnológica Celso Suckow da Fonseca,Brazil,12.2–20.3,15.2,8.8,24.2,18.4,38.6
2001+,Universidade Federal Rural de Pernambuco,Brazil,12.2–20.3,26.1,12.3,20.3,24.6,25.3
2001+,Universidade Federal do Tocantins,Brazil,12.2–20.3,19,9.6,7.5,17,27.4
2001+,Universidade Presbiteriana Mackenzie,Brazil,12.2–20.3,22.3,15.7,18.6,27.8,30.8
2001+,Pontifícia Universidade Católica de Minas Gerais,Brazil,12.2–20.3,16.3,12.8,15.2,19.8,26
2001+,Pontifícia Universidade Católica de Campinas,Brazil,12.2–20.3,19.9,13.6,11.6,18.8,26.1
2001+,Universidade Estadual do Sudoeste da Bahia,Brazil,12.2–20.3,27.3,11.5,8.2,26.5,20.3
2001+,Universidade Estadual do Maranhão,Brazil,12.2–20.3,17.1,10.5,10.4,16.1,25.9
2001+,Universidade do Estado de Santa Catarina,Brazil,12.2–20.3,27.7,13.9,16.5,26.9,26.4
2001+,Universidade Estadual de Feira de Santana,Brazil,12.2–20.3,26,11.1,15.4,17.6,28.9
2001+,Universidade Estadual de Santa Cruz,Brazil,12.2–20.3,24.6,11.6,17.8,27.3,36.4
2001+,Universidade Estadual do Oeste do Paraná,Brazil,12.2–20.3,32.6,13.6,8.1,17.8,21.2
2001+,Universidade Federal do Maranhão,Brazil,12.2–20.3,16.6,13.8,17.4,25.8,24.6
2001+,Universidade Federal Rural do Semi-Árido,Brazil,12.2–20.3,18.6,11,10.4,16.7,20
2001+,Universidade Nove de Julho,Brazil,12.2–20.3,23.2,10.1,14.6,17.7,35.4
2001+,Universidade de Caxias do Sul,Brazil,12.2–20.3,18.3,10.8,25.1,22.5,24.4
2001+,Universidade de Fortaleza,Brazil,12.2–20.3,14.2,11.5,12.3,21.7,26.3
2001+,Universidade de Pernambuco,Brazil,12.2–20.3,23.3,12.2,15.1,22.4,26.6
