rank,university_name,location,citation_per_paper,papers_per_faculty,academic_reputation,faculty_student,staff_with_phd,international_research,web_impact,employer_reputation,overall_score
2,Universidade de São Paulo,"São Paulo, Brazil",75.5,100,100,49.3,99.7,100,100,100,97.8
3,Universidade Estadual de Campinas,"Campinas, Brazil",85.6,100,99.9,45.2,99.6,99.8,99.9,96.6,97.6
5,Universidade Federal do Rio de Janeiro,"Rio de Janeiro, Brazil",68.2,98.3,99.7,33.3,98.9,99.8,100,88.8,92.6
6,UNESP,"Sao Paulo, Brazil",57.6,100,96.6,49.1,99.7,99.7,99.3,88.5,92.3
13,Pontifícia Universidade Católica do Rio de Janeiro,"Rio de Janeiro, Brazil",60.3,98.7,93.4,41.2,94.7,90.8,93.4,71.6,85.3
15,Universidade Federal de Minas Gerais,"Belo Horizonte, Brazil",55.7,98.9,94.7,30.4,99.3,98.8,100,56.9,82.6
19,Universidade Federal do Rio Grande do Sul,"Porto Alegre, Brazil",84.7,97.8,89.2,36.5,99.4,99.8,99.8,39.4,80.9
24,Universidade Federal de Santa Catarina,"Florianópolis, Brazil",72.8,99.2,75.3,46.8,99.4,97.7,99.6,34,75
28,Universidade de Brasília,"Brasília, Brazil",36.9,92.9,85.1,20.3,98.4,97.8,98.3,43.9,73.1
31,Universidade Federal de São Paulo,"São Paulo, Brazil",76,88.2,54.5,99.8,95,96.1,90.8,31.9,72.2
36,Universidade Federal de São Carlos,"São Paulo, Brazil",84.8,100,53.5,30.2,99.6,96.2,95.2,40.8,68.7
37,Universidade Federal do Paraná,"Curitiba, Brazil",57.4,93.8,62.8,46.7,99.6,94.7,94.9,32,68.2
61,Universidade Federal de Pernambuco,"Recife, Brazil",36.3,86.9,57.4,27.1,96.2,98,92.7,20.4,59.2
63,Pontifícia Universidade Católica de São Paulo,"São Paulo, Brazil",2.8,28.8,53.7,69.9,95.1,41.3,68.2,69.2,58.8
67,Universidade Federal do Ceará,"Fortaleza, Brazil",56.4,93.5,47.5,21.3,99.1,89.4,94.3,21.1,57.5
70,Universidade Federal Fluminense,"Niterói, Brazil",50.9,71.6,46,43.5,97.7,97.9,94.5,13,56.7
71,Universidade Federal da Bahia,"Salvador, Brazil",38.1,74.9,52.2,24.3,93.7,95.5,95.7,19.4,56.2
74,Pontifícia Universidade Católica do Rio Grande do Sul,"Porto Alegre, Brazil",90.9,99.4,32.2,34.2,95.2,76.9,76.7,23,55.7
78,Universidade do Estado do Rio de Janeiro,"Rio de Janeiro, Brazil",24.8,60.5,49.3,45.4,79.4,94.8,89.6,23.9,54.4
82,Universidade Federal de Santa Maria,"Santa Maria, Brazil",79.6,86.5,26.8,45.1,97.8,96.2,78.1,8.8,52.7
89,Universidade Federal de Viçosa,"Viçosa, Brazil",59.6,96.2,27.4,53.1,90,78.7,77.9,16.8,51.1
91,Universidade Presbiteriana Mackenzie,"São Paulo, Brazil",54.4,42.4,32.1,46.6,89.7,56.4,45.6,43.7,50.1
96,Pontifícia Universidade Católica do Paraná,"Curitiba, Brazil",91,61.6,20.8,59.6,87.1,67.3,57.4,19.6,49.2
101,Universidade Federal da Paraíba,"João Pessoa, Brazil",45.2,65.6,28.6,28.1,97.3,96.6,75.7,16.7,48.2
104,Universidade Federal do Rio Grande do Norte,"Rio Grande do Norte, Brazil",49.8,82.2,31.4,17.2,96.7,93.9,89.8,5.5,47.3
105,Universidade Federal de Pelotas,"Pelotas, Brazil",58.3,90.4,21.3,44.1,96.1,81.1,68.2,11.5,47
106,Universidade Federal de Uberlândia,"Uberlândia, Brazil",64.4,71.5,26.1,32.9,98.4,85.8,71.7,6.7,46.9
108,Universidade Estadual de Maringá,"Maringá, Brazil",59.1,83.1,20.6,45,97.2,78.1,87.5,4.1,45.8
110,Universidade Federal do Pará,"Belém, Brazil",40.6,62.6,28.8,19,93.7,96.9,72,12.3,45.2
111,Universidade Federal do ABC,"Santo André, Brazil",81.8,98.7,19.8,12.3,99.7,72.1,50,13,44.9
112,Universidade Federal de Lavras,"Lavras, Brazil",65.2,99.6,20.9,29.7,98.1,81.1,50.6,6.7,44.8
116,Universidade Federal do Espírito Santo,"Vitória, Brazil",54.2,77.6,15.2,34.6,96.1,95,77.1,8.4,44.2
119,Universidade Tecnológica Federal do Paraná,"Curitiba, Brazil",72.3,70.7,11.3,30.4,91.2,93.4,61.1,13.4,43.6
121,Universidade Federal de Juiz de Fora,"Juiz de For a, Brazil",34.8,77.7,19.1,45.6,91.7,87.7,65,10.1,43.1
125,Universidade Estadual de Londrina,"Londrina, Brazil",53.3,64.5,19.8,24.7,96.3,59.8,63.7,22,42.3
126,Universidade do Vale do Rio Dos Sinos,"São Leopoldo, Brazil",79.9,94.7,16.2,17.9,83.1,58,68.2,15.7,42.2
130,Universidade Federal de Itajubá,"Itajubá, Brazil",69.3,90,8.1,30,98.8,52.7,72.8,18.5,41.5
133,Universidade Federal de Ouro Preto,"Ouro Preto, Brazil",49.2,86.6,17,32.1,94,59.4,60.2,11.9,40.4
134,Universidade Federal de Mato Grosso do Sul,"Campo Grande, Brazil",67,59,10.1,47.2,96.3,76.6,54.5,4.1,40.3
134,Universidade Federal de Goiás,"Goiânia, Brazil",59.1,74.1,19.4,25.3,62.4,86,81.1,6.7,40.3
138,Universidade Federal do Rio Grande,"Rio Grande, Brazil",68.6,92.5,10.6,30.9,92.2,78.3,50.9,n/a,39.4
141,Universidade Federal Rural de Pernambuco,"Recife, Brazil",38.3,91.7,n/a,95.1,100,64.7,47.6,n/a,38.7
148,Universidade Estadual de Ponta Grossa,"Ponta Grossa, Brazil",44.1,39,8.9,83.8,96.3,56,40.1,4.1,37.4
151,Pontifícia Universidade Católica de Campinas,"Campinas, Brazil",37.9,31.4,32.2,20.3,79.5,24.9,28.3,26.5,n/a
151,Universidade Federal de Alagoas,"Maceio, Brazil",51.9,43.8,11.8,38.2,69.2,84.2,68.7,4.1,n/a
151,Universidade Federal de Campina Grande,"Campina Grande, Brazil",21.2,66.3,15.6,50.2,85.7,71.7,48.1,5.7,n/a
161,Universidade Federal do Estado do Rio de Janeiro,"Rio de Janeiro, Brazil",29.1,51.8,20.9,27.4,95.8,54.2,39.3,11.5,n/a
171,Universidade Federal do Piauí,"Teresina, Brazil",51.6,55.1,2.4,48.3,95.8,67.7,48.3,3.4,n/a
171,Universidade Estadual de Santa Cruz,"Ilhéus, Brazil",39.4,60.1,2.2,82.5,94.5,61.5,24.5,n/a,n/a
171,Universidade Estadual do Oeste do Paraná,"Foz do Iguaçu, Brazil",37.2,37.7,14.3,86.9,78.5,30.1,42.6,5.5,n/a
171,Universidade Federal de Sergipe,"São Christovão, Brazil",33,46.4,10.6,33.7,88.9,82.4,44.6,7,n/a
171,Universidade Paulista,"São Paulo, Brazil",98.9,14.7,17.7,2.7,43.7,31.1,39.9,35.8,n/a
171,Universidade de Pernambuco,"Recife, Brazil",27.8,26.4,11.8,91.5,89.4,50.4,24,5.5,n/a
171,Universidade do Estado de Santa Catarina,"Florianópolis, Brazil",36.4,24.7,23.3,32.3,100,50,48.1,3.3,n/a
181,Universidade Estadual do Norte Fluminense Darcy Ribeiro,"Campos dos Goytacazes, Brazil",77.2,99.2,6.2,74.4,22.6,55.1,20.6,4.1,n/a
191,Universidade Federal Rural do Rio de Janeiro,"Rio de Janeiro, Brazil",17.5,61.5,11.5,47.3,98.2,45.1,43,7.8,n/a
191,Universidade Federal de Alfenas,"Alfenas, Brazil",53.5,70.5,2.9,45.7,97.1,37.9,26.2,9.7,n/a
191,Universidade Federal do Amazonas,"Manaus, Brazil",25.5,45.7,21,27.5,67.1,63.1,50.6,7.7,n/a
201,Centro Federal de Educacao Tecnologica de Minas Gerais,"Belo Horizonte, Brazil",44.5,43,1.2,79.2,90.7,30.6,20.7,2,n/a
201,"Instituto Federal de Educação, Ciência e Tecnologia do Paraná","Paranavaí, Brazil",79.7,23.4,3.6,58,65.2,27.1,17.8,12.7,n/a
201,Universidade Federal da Grande Dourados,"Dourados, Brazil",38.6,59.8,1.5,75.6,97.7,20.4,31.5,n/a,n/a
201,Universidade Federal do Tocantins,"Palmas, Brazil",25.5,23,2,88.1,95.2,19.6,28.8,4.1,n/a
201,Fundação Universidade Federal do Vale do São Francisco,"Petrolina, Brazil",16.7,35.3,7.6,65.1,70.2,30.7,25.4,14,n/a
201,Pontifícia Universidade Católica de Minas Gerais,"Belo Horizonte, Brazil",39.3,22,22.8,7.9,63.2,47.1,47.2,22.1,n/a
201,Universidade Federal de São João del-Rei,"São João del Rei, Brazil",40.2,69,10.5,17.9,97.4,46.9,33.8,4,n/a
201,Universidade Federal do Maranhão,"São Luís, Brazil",22,43.1,6.9,26.7,75.4,55,61.2,11.4,n/a
201,Universidade de Fortaleza,"Fortaleza, Brazil",94.7,29.7,9.8,16.6,60.9,23.3,29.1,5.5,n/a
201,Universidade de Passo Fundo,"Passo Fundo, Brazil",99.1,47.2,2.8,17.9,69.1,50.3,37,5.5,n/a
201,Universidade de Santa Cruz do Sul,"Santa Cruz do Sul, Brazil",93.7,23.7,6.8,21.4,71.4,21.6,34.8,8.6,n/a
251,Instituto Federal de Santa Catarina,"Florianópolis, Brazil",31.9,5.1,4.2,99.3,67.7,19,22.9,3.1,n/a
251,Instituto Federal de Pernambuco,"Recife, Brazil",44.7,10.9,1.4,95.4,45,14.5,12.3,n/a,n/a
251,Universidade Católica Dom Bosco,"Campo Grande, Brazil",100,88,5.6,7.5,29.6,25.3,18.1,6.8,n/a
251,Universidade Estadual de Feira de Santana,"Feira de Santana, Brazil",26.1,32.3,4.8,72.5,77.6,34.1,31.1,n/a,n/a
251,Universidade Estadual do Rio Grande do Sul,"Bagé, Brazil",22.8,22.2,11.3,36.8,96.6,13.1,8.8,8.2,n/a
251,Universidade Federal Rural da Amazônia,"Belém, Brazil",9.1,62.9,2.4,21.4,98.6,30,31.5,n/a,n/a
251,Universidade Federal de Roraima,"Boa Vista, Brazil",28.5,15.7,2.1,72.7,58.9,31.1,32.5,4.1,n/a
251,Universidade Federal do Acre,"Rio Branco, Brazil",10.7,25.9,5.1,56.1,59.4,51.8,31.6,n/a,n/a
251,Universidade Federal do Mato Grosso,"Cuiabá, Brazil",21.3,31.2,5.2,41.1,22.5,56.6,57.1,6.2,n/a
251,Universidade Federal do Pampa,"Bagé, Brazil",24.9,38.3,1.3,43.9,92.7,45.3,24.4,n/a,n/a
251,Universidade Federal do Triângulo Mineiro,"Uberaba, Brazil",14.6,53.9,n/a,47.5,96.8,32,23.1,n/a,n/a
251,Universidade Federal dos Vales do Jequitinhonha e Mucuri,"Teófilo Otoni, Brazil",40.2,36.1,1.5,61.8,85.6,32.8,26.2,n/a,n/a
251,Universidade Tiradentes,"Aracaju, Brazil",100,31.1,2.7,16.1,36,46.3,17.9,4.1,n/a
251,Universidade de Caxias do Sul,"Caxias do Sul, Brazil",87.9,39.5,4.8,15.8,36.5,39,32.9,4.1,n/a
251,Universidade do Estado do Amazonas,"Manaus, Brazil",41.6,26.1,5,24,71.4,63.5,42.8,n/a,n/a
251,Universidade do Oeste Paulista,"Presidente Prudente, São Paulo, Brazil",87.6,16.6,1.7,35.1,65.9,25.6,17.6,n/a,n/a
251,Universidade do Vale do Itajaí,"Itajaí, Brazil",68.7,29.3,8.1,5.6,42.1,29.1,31.9,8.1,n/a
251,Universidade do Vale do Taquari,"Lajeado, Brazil",53.7,34.4,2.1,46,61.8,23.7,18.8,n/a,n/a
301,Centro Universitario de Araraquara,"Araraquara, Brazil",63.9,10.8,3.1,27,55.1,14.9,12.7,n/a,n/a
301,Centro Universitário Max Planck,"São Paulo, Brazil",n/a,4.1,40.9,38.3,n/a,2.9,n/a,11.9,n/a
301,Universidade Regional de Blumenau,"Blumenau, Brazil",49.5,27.7,4.1,23.6,36.9,27.5,24.5,5,n/a
301,Universidade Nove de Julho,"São Paulo, Brazil",56.6,5.3,2,6.5,26.1,31.6,32.4,29,n/a
301,Universidade Catolica de Brasilia,"Brasília, Brazil",72.9,18.4,11.5,17.5,n/a,34.3,13,4.9,n/a
301,Universidade Cidade de São Paulo,"São Paulo, Brazil",64,16.3,1.7,3.1,87,31.5,16.7,n/a,n/a
301,Universidade Estadual da Paraíba,"Campina Grande, Brazil",15.6,24.3,7.6,36,52.5,26.1,30,n/a,n/a
301,Universidade Estadual de Roraima,"Boa Vista, Brazil",n/a,8.1,n/a,98.3,80.2,n/a,9.3,n/a,n/a
301,Universidade Feevale,"Novo Hamburgo, Brazil",69.2,25.3,3.6,29.5,65.4,8.8,20.8,2.4,n/a
301,Universidade de Ribeirão Preto,"Ribeirao Preto, Brazil",24.5,14.3,9.3,25,71,15.2,25.3,5.5,n/a
301,Universidade do Estado da Bahia,"Salvador, Brazil",7.6,8.1,8.5,50.5,37.4,34.2,33.5,6.7,n/a
301,Universidade do Vale do Paraíba,"São José, Brazil",37.6,29.8,n/a,31.7,68.7,28.7,14,4.1,n/a
351,Universidade Federal Rural do Semi-Árido ,"Mossoró, Brazil",9.5,60.9,2.7,25.5,n/a,34.2,41.9,13.4,n/a
351,Ibmec,"Rio de Janeiro, Brazil",37.1,73.4,3.7,3.1,33.3,1,n/a,17.3,n/a
351,Universidade Anhembi Morumbi,"São Paulo, Brazil",13,8.2,7,4.9,52.7,7.5,16.4,21.7,n/a
351,Universidade Estadual de Goiás,"Goiânia, Brazil",14.3,8.2,5.6,68.4,14.8,20.6,22.2,n/a,n/a
351,Universidade Estadual de Montes Claros,"Montes Claros - MG, Brazil",4.4,13.1,1.3,75.4,27.2,24,34,4.1,n/a
351,Universidade Estadual do Centro-Oeste,"Guarapuava, Brazil",4.8,17.6,1.1,31.9,64.2,12.1,24.8,5.5,n/a
351,Universidade Estadual do Maranhão,"São Luís, Brazil",7.2,21.2,4.9,24.4,36.5,31.1,38.1,6.2,n/a
351,Universidade Estadual do Piaui,"Teresina, Brazil",9.4,9.5,3,56.4,73.5,14.6,14.4,n/a,n/a
351,Universidade Ibirapuera,"São Paulo, Brazil",93.4,32.3,1.6,17.4,n/a,6.2,6.8,8.8,n/a
351,Universidade Luterana do Brasil,"Canoas, Brazil",27.1,4.9,11.4,4.7,26.4,19.9,18.7,13.4,n/a
351,Universidade Positivo,"Curitiba, Brazil",56,26.6,3,4.9,45.2,22.3,13.4,6.7,n/a
351,Universidade Potiguar,"Natal, Brazil",86.8,7.3,n/a,2.2,38.6,1,10.8,5.5,n/a
351,Universidade Regional Integrada do Alto Uruguai e das Missões,"Erechim, Brazil",25.4,8.7,1.6,65.9,39.6,2.6,15.3,n/a,n/a
351,Universidade Veiga de Almeida,"Rio de Janeiro, Brazil",100,10.8,1.8,9.8,8.7,6.3,11,4.1,n/a
351,Universidade Vila Velha,"Vila Velha, Brazil",46.9,40.6,n/a,12.3,54.7,4.7,9.5,6,n/a
351,Universidade da Regiao de Joinville,"Joinville, Brazil",22.8,15.1,1.8,61.9,42.9,7.2,11.3,n/a,n/a
351,Universidade do Estado de Minas Gerais,"Belo Horizonte, Brazil",15.2,7.8,10.5,38.6,36.2,16.4,21.8,12.6,n/a
351,Universidade do Estado do Pará,"Belém, Brazil",18.5,10.4,7.9,69.8,20.9,22,22.7,4.1,n/a
351,Universidade do Oeste de Santa Catarina,"Joaçaba, Brazil",73.5,8.9,1.7,13.3,39.6,5.6,19,n/a,n/a
401,Centro Universitario de Belo Horizonte,"Belo Horizonte, Brazil",n/a,8,3.8,5.3,61.7,4.7,11.9,6.6,n/a
401,Centro Universitário Ritter dos Reis,"Porto Alegre, Brazil",n/a,n/a,4.1,4.3,30.9,n/a,6.2,13.7,n/a
401,Fundação Universidade Federal de Rondônia,"Porto Velho, Rondônia, Brazil",10.3,17.2,1.3,25.5,n/a,29.7,29.5,4.1,n/a
401,Instituto Federal do Espírito Santo,"Vitória, Brazil",44,14.5,2.3,24.7,n/a,17,43.9,6.5,n/a
401,Universidade Metodista de São Paulo,"São Paulo, Brazil",n/a,4.6,19.2,12.8,n/a,n/a,28.9,14.4,n/a
401,Senac São Paulo,"São Paulo, Brazil",33.9,2,1.6,7.4,n/a,7.5,3.5,14,n/a
401,Universidade Estácio de Sá,"Rio de Janeiro, RJ,, Brazil",14.4,2.3,1.4,3.3,n/a,10,31.7,5.5,n/a
401,Universidade Bandeirante,"São Paulo, Brazil",n/a,1.2,n/a,2,9.7,n/a,n/a,8.7,n/a
401,Universidade Cândido Mendes,"Rio de Janeiro, Brazil",n/a,4.3,1.3,37.1,28,n/a,5.2,6.5,n/a
401,Universidade Estadual da Região Tocantina do Maranhão,"Imperatriz, Brazil",11.3,9.2,2.2,63.8,45.3,5.9,5.6,n/a,n/a
401,Universidade Paranaense,"Umuarama, Brazil",17.4,6.3,2.7,25.7,20.5,4.7,14.4,n/a,n/a
401,Universidade Regional do Noroeste do Estado do Rio Grande do Sul,"Ijuí, Brazil",1.8,13.6,2.6,20.2,39,1,20.5,n/a,n/a
401,Universidade Salgado de Oliveira,"São Gonçalo, Brazil",10.4,4.9,n/a,20.6,32.3,6.8,9.9,n/a,n/a
401,Universidade Salvador,"Salvador, Brazil",53,12.4,n/a,3,20,9.6,20.6,4.1,n/a
401,Universidade Santo Amaro,"São Paulo, Brazil",57.3,19.2,n/a,2.6,38.4,16.3,13.6,5.4,n/a
401,Universidade Sao Judas Tadeu,"São Paulo, Brazil",11.4,8.1,2.4,3.5,61.3,22,12,n/a,n/a
401,Universidade de Taubaté,"Taubaté, Brazil",19.6,8.9,n/a,18.4,47.4,7.6,16,5.5,n/a
401,Universidade do Estado de Mato Grosso,"Cáceres, Brazil",30.3,13.9,2.2,23.5,n/a,20.5,25.3,n/a,n/a
401,Universidade Municipal de São Caetano do Sul,"São Paulo, Brazil",27.6,7,4.9,7.5,n/a,3.5,15.2,3,n/a
